PL,Time,Bib,First,Last,Sex,Age,City,State,Country,Start,Pos,Split Rock,Pos,Beaver Bay,Pos,Silver Bay,Pos,Tettegouche,Pos,County RD 6,Pos,Finland,Pos,Sonju LK RD,Pos,Crosby,Pos,Sugarloaf,Pos,Cramer RD,Pos,Temperance,Pos,Sawbill,Pos,Oberg,Pos,Finish,Pos
,,,,,,,,,,,,8.4,,18.7,,23,,33.1,,42.4,,50,,57.7,,62,,71.5,,77,,83.9,,89.2,,94.8,,102,
1,19:41:02,178,Kyle,Moss,M,32,Broomfield,CO,USA,--:--,,1:19:00,14,3:11:00,7,4:01:00,4,5:56:00,1,7:39:00,1,9:01:00,1,10:24:00,1,11:05:00,1,12:55:00,1,14:02:00,1,15:26:00,1,16:30:00,1,17:52:00,1,19:41:02,1
2,21:54:10,166,Gretchen,Metsa,F,40,Buhl,MN,USA,--:--,,1:19:00,10,3:11:00,11,4:12:00,10,6:06:00,4,8:06:00,3,9:34:00,3,11:08:00,3,12:01:00,3,14:24:00,3,15:50:00,2,17:26:00,2,18:45:00,2,20:09:00,2,21:54:10,2
3,22:38:08,266,Andrew,Warg,M,34,Hastings,MN,USA,--:--,,1:24:00,23,3:24:00,19,4:20:00,18,6:27:00,14,8:36:00,9,10:20:00,6,12:06:00,6,13:02:00,6,15:33:00,4,16:46:00,4,18:23:00,3,19:38:00,3,21:00:00,3,22:38:08,3
4,23:17:11,91,Patrick,Griffith,M,29,La Crosse,WI,USA,--:--,,1:19:00,6,3:11:00,6,4:12:00,8,6:16:00,10,8:16:00,6,10:20:00,5,12:06:00,5,13:02:00,5,15:33:00,5,16:46:00,5,18:28:00,4,19:53:00,4,21:20:00,4,23:17:11,4
5,24:51:34,227,Michael,Schowalter,M,43,Minneapolis,MN,USA,--:--,,1:40:00,52,3:45:00,41,4:53:00,39,6:57:00,28,9:19:00,22,10:56:00,16,12:45:00,11,13:59:00,12,16:42:00,11,18:13:00,11,20:07:00,9,21:41:00,8,23:21:00,8,24:51:34,5
6,24:51:38,121,Joshuah,Kakes,M,26,Owen,WI,USA,--:--,,1:19:00,13,3:11:00,10,4:12:00,9,6:16:00,7,8:16:00,4,10:08:00,4,11:51:00,4,12:54:00,4,15:33:00,6,17:01:00,6,19:16:00,5,20:54:00,5,22:43:00,5,24:51:38,6
7,25:02:35,24,Eric,Borer,M,37,Duluth,MN,USA,--:--,,1:37:00,42,3:38:00,33,4:30:00,25,6:50:00,21,9:07:00,19,11:02:00,17,12:45:00,10,13:45:00,10,16:34:00,8,17:55:00,9,19:54:00,6,21:35:00,6,23:17:00,6,25:02:35,7
8,25:20:30,188,Jaclyn,Noshay,F,29,Minneapolis,MN,USA,--:--,,1:24:00,21,3:31:00,25,4:30:00,24,6:50:00,20,9:07:00,18,11:02:00,19,13:02:00,17,14:12:00,18,17:15:00,16,19:00:00,16,21:00:00,14,22:31:00,10,23:38:00,10,25:20:30,8
9,25:23:32,65,David,Duede,M,44,Eagan,MN,USA,--:--,,1:19:00,8,3:11:00,8,4:12:00,7,6:16:00,6,8:35:00,8,10:38:00,7,12:26:00,7,13:34:00,8,16:34:00,9,17:55:00,7,19:54:00,7,21:41:00,7,23:17:00,7,25:23:32,9
10,25:27:22,47,Aaron,Cook,M,32,Cumberland,WI,USA,--:--,,1:30:00,27,3:31:00,28,4:42:00,29,6:50:00,23,9:19:00,21,11:02:00,18,13:00:00,16,14:06:00,14,17:00:00,14,18:26:00,13,20:27:00,10,22:03:00,9,23:38:00,9,25:27:22,10
11,25:31:39,185,Joshua,Nichols,M,36,Manchester,MI,USA,--:--,,1:19:00,4,3:11:00,4,4:01:00,6,6:16:00,8,8:16:00,5,10:38:00,8,12:32:00,9,13:39:00,9,16:34:00,10,18:26:00,12,21:00:00,12,23:00:00,13,24:08:00,11,25:31:39,11
12,26:00:45,78,Grady,Gaston,M,34,Red Wing,MN,USA,--:--,,1:30:00,28,3:31:00,24,4:30:00,26,6:57:00,25,9:28:00,26,11:31:00,24,13:44:00,27,14:57:00,29,18:28:00,32,19:43:00,26,21:37:00,20,23:06:00,18,24:34:00,15,26:00:45,12
13,26:06:15,31,Derek,Brown,M,48,Glendale,MO,USA,--:--,,1:19:00,12,3:24:00,14,4:20:00,16,6:39:00,15,9:07:00,14,10:50:00,12,12:51:00,12,13:57:00,11,17:00:00,12,18:43:00,15,21:00:00,11,22:31:00,11,24:08:00,12,26:06:15,13
14,26:07:38,240,Andrew,Steger,M,39,Onalaska,WI,USA,--:--,,1:40:00,64,3:57:00,61,4:58:00,52,7:30:00,46,9:47:00,35,11:46:00,32,13:42:00,26,14:57:00,28,17:59:00,24,19:28:00,22,21:28:00,18,23:00:00,15,24:23:00,14,26:07:38,14
15,26:12:45,262,Matthew,Vandonsel,M,37,Hopkins,MN,USA,--:--,,1:19:00,7,3:11:00,12,4:12:00,12,6:39:00,16,9:07:00,20,11:02:00,20,13:05:00,18,14:10:00,16,17:15:00,15,19:00:00,17,21:28:00,17,23:00:00,16,24:45:00,18,26:12:45,15
16,26:24:56,11,Alex,Bartley,M,43,Plainview,MN,USA,--:--,,1:24:00,18,3:24:00,20,4:30:00,21,6:41:00,18,9:07:00,13,10:50:00,10,12:57:00,15,14:03:00,13,17:00:00,13,18:43:00,14,21:00:00,13,23:00:00,12,24:23:00,13,26:24:56,16
17,26:25:18,96,Aaron,Hansen,M,42,Minneapolis,MN,USA,--:--,,1:40:00,54,3:51:00,49,4:53:00,40,7:19:00,39,9:47:00,36,11:46:00,30,13:48:00,29,14:57:00,27,17:59:00,23,19:28:00,21,21:37:00,19,23:06:00,20,24:34:00,17,26:25:18,17
18,26:29:42,125,Brian,Klug,M,44,St Cloud,MN,USA,--:--,,1:24:00,20,3:24:00,18,4:30:00,23,6:57:00,32,9:31:00,32,11:46:00,29,13:46:00,28,14:57:00,25,17:47:00,22,19:28:00,24,21:28:00,16,23:06:00,19,24:45:00,19,26:29:42,18
19,26:31:27,23,Aaron,Boike,M,35,Golden Valley,MN,USA,--:--,,1:19:00,11,3:24:00,22,4:30:00,22,7:08:00,34,9:47:00,34,11:46:00,31,14:02:00,33,15:17:00,32,18:28:00,31,20:06:00,32,22:13:00,29,23:41:00,23,24:52:00,21,26:31:27,19
20,26:32:21,110,Bennett,Isabella,M,40,Rosemount,MN,USA,--:--,,1:24:00,16,3:24:00,15,4:20:00,17,6:50:00,22,9:19:00,25,11:14:00,21,13:16:00,21,14:31:00,21,17:30:00,18,19:18:00,18,21:28:00,15,23:00:00,14,24:34:00,16,26:32:21,20
21,26:38:25,148,Matt,Livingston,M,48,Duluth,MN,USA,--:--,,1:24:00,17,3:24:00,13,4:20:00,14,6:41:00,17,9:07:00,15,10:50:00,13,13:11:00,19,14:31:00,19,17:45:00,19,19:28:00,20,21:55:00,22,23:21:00,22,24:52:00,22,26:38:25,21
22,26:40:35,270,Hjalmar,Westie,M,43,Eden Prairie,MN,USA,--:--,,1:37:00,41,3:43:00,37,4:53:00,42,7:19:00,42,9:56:00,39,11:56:00,37,14:04:00,35,15:17:00,33,18:14:00,28,19:55:00,28,21:55:00,25,23:17:00,21,24:45:00,20,26:40:35,22
23,27:10:05,8,Joseph,Barnes,M,43,St. Paul,MN,USA,--:--,,1:40:00,61,3:57:00,59,4:58:00,54,7:30:00,48,9:56:00,42,12:06:00,42,14:23:00,41,15:41:00,38,18:47:00,35,20:25:00,34,22:30:00,30,24:00:00,29,25:20:00,25,27:10:05,23
24,27:16:01,156,Margaret,Macdonald,F,41,Minneapolis,MN,USA,--:--,,1:33:00,34,3:45:00,43,4:53:00,37,7:25:00,43,9:56:00,41,11:56:00,39,14:04:00,34,15:17:00,34,18:28:00,30,19:55:00,31,22:05:00,27,23:41:00,26,25:20:00,26,27:16:01,24
25,27:26:16,264,Luke,Wackerle,M,41,Rockford,MI,USA,--:--,,1:19:00,15,3:24:00,16,4:20:00,20,6:47:00,19,9:07:00,16,10:56:00,15,12:52:00,14,14:10:00,17,17:30:00,17,19:18:00,19,21:55:00,23,23:41:00,24,25:06:00,23,27:26:16,25
26,27:32:24,124,Doug,Kleemeier,M,57,Roseville,MN,USA,--:--,,1:44:00,80,3:24:00,17,4:20:00,13,6:27:00,13,9:00:00,12,10:50:00,11,12:51:00,13,14:06:00,15,17:45:00,20,19:28:00,23,21:55:00,21,23:41:00,25,25:20:00,24,27:32:24,26
27,27:49:20,3,Joseph,Altendahl,M,41,St Paul,MN,USA,--:--,,1:44:00,95,4:15:00,95,5:18:00,89,7:57:00,70,10:25:00,61,12:31:00,48,14:23:00,40,15:41:00,37,18:47:00,34,20:25:00,33,22:51:00,33,24:29:00,32,26:02:00,30,27:49:20,27
28,27:53:41,1,Nikk,Adams,M,37,Solon Springs,WI,USA,--:--,,1:44:00,75,4:06:00,64,5:14:00,72,7:51:00,63,10:20:00,51,12:31:00,51,14:37:00,44,15:57:00,41,18:47:00,36,20:39:00,38,22:51:00,32,24:29:00,31,26:02:00,31,27:53:41,28
29,27:57:17,27,Eric,Brandt,M,53,Bloomington,MN,USA,--:--,,1:30:00,25,3:31:00,26,4:42:00,28,6:57:00,27,9:28:00,28,11:31:00,27,13:42:00,25,14:57:00,24,18:14:00,25,19:55:00,27,22:05:00,26,24:00:00,27,25:47:00,27,27:57:17,29
30,27:59:23,131,Wade,Kragtorp,M,47,Hopkins,MN,USA,--:--,,1:44:00,86,4:06:00,77,5:10:00,63,7:30:00,50,9:56:00,44,11:56:00,36,14:01:00,32,15:17:00,31,18:14:00,27,19:55:00,30,22:05:00,28,24:00:00,28,25:47:00,28,27:59:23,30
31,28:01:13,6,Matthew,Aro,M,44,Duluth,MN,USA,--:--,,1:50:00,119,4:15:00,96,5:18:00,90,7:53:00,69,10:25:00,59,12:31:00,53,14:39:00,46,15:57:00,44,19:01:00,37,20:39:00,39,22:51:00,34,24:29:00,33,26:02:00,32,28:01:13,31
32,28:18:59,230,David,Secord,M,37,Chicago,IL,USA,--:--,,1:37:00,38,3:43:00,36,4:42:00,32,6:57:00,31,9:28:00,27,11:14:00,22,13:17:00,22,14:31:00,20,17:45:00,21,19:43:00,25,21:55:00,24,24:00:00,30,25:47:00,29,28:18:59,32
33,28:30:18,219,Nicholas,Ryan,M,44,Shakopee,MN,USA,--:--,,1:37:00,40,3:45:00,46,4:53:00,38,7:19:00,38,9:56:00,38,11:56:00,35,14:17:00,38,15:41:00,36,19:01:00,38,20:39:00,37,23:02:00,36,24:54:00,36,26:25:00,34,28:30:18,33
34,28:36:04,101,Travis,Hibbard,M,38,Rosemount,MN,USA,--:--,,1:52:00,127,4:20:00,110,5:35:00,101,8:00:00,85,10:36:00,69,--:--,,14:58:00,56,16:16:00,49,19:20:00,47,21:15:00,45,23:25:00,42,24:54:00,37,26:25:00,33,28:36:04,34
35,28:36:15,122,Kim,Kedinger,F,42,Fond du Lac,WI,USA,--:--,,1:50:00,113,4:20:00,99,5:24:00,97,7:57:00,74,10:25:00,62,12:31:00,60,14:45:00,49,16:16:00,48,19:01:00,39,20:51:00,40,23:19:00,40,24:54:00,38,26:25:00,36,28:36:15,35
36,28:38:52,106,Andrew,Hollatz,M,43,Duluth,MN,USA,--:--,,1:30:00,26,3:31:00,29,4:42:00,31,6:57:00,26,9:28:00,29,11:46:00,28,13:57:00,30,15:17:00,30,18:47:00,33,20:25:00,36,22:51:00,35,24:54:00,35,26:25:00,35,28:38:52,36
37,28:41:48,67,Robert,Edman,M,42,Pittsburgh,PA,USA,--:--,,1:37:00,47,3:45:00,45,4:58:00,50,7:30:00,45,10:09:00,46,12:31:00,47,14:26:00,42,15:57:00,42,19:01:00,42,--:--,,23:02:00,37,25:15:00,40,26:40:00,39,28:41:48,37
38,29:07:00,190,Stephen,Ohara,M,49,Stillwater,MN,USA,--:--,,1:37:00,50,4:20:00,104,4:53:00,44,7:29:00,44,10:20:00,50,12:31:00,45,14:35:00,43,15:57:00,43,19:01:00,41,21:04:00,43,23:19:00,41,24:54:00,39,26:40:00,40,29:07:00,38
39,29:18:59,34,Mika,Byar,M,24,Marquette,MI,USA,--:--,,1:37:00,49,3:43:00,34,4:42:00,33,6:57:00,30,9:28:00,31,11:31:00,25,13:29:00,24,14:38:00,22,18:14:00,26,19:55:00,29,22:30:00,31,24:29:00,34,26:25:00,37,29:18:59,39
40,29:22:19,139,Jeffrey,Lanners,M,40,West Saint Paul,MN,USA,--:--,,1:37:00,48,3:45:00,39,4:53:00,43,7:19:00,40,9:47:00,37,11:56:00,40,14:17:00,36,15:41:00,35,19:01:00,40,20:51:00,41,23:02:00,38,25:15:00,41,26:40:00,38,29:22:19,40
41,29:25:51,16,Eric,Berglund,M,43,Thunder Bay,ON,CAN,--:--,,1:24:00,19,3:24:00,21,4:20:00,19,6:57:00,29,9:28:00,30,11:46:00,33,14:01:00,31,--:--,,19:20:00,43,21:27:00,46,23:44:00,43,25:15:00,42,27:33:00,42,29:25:51,41
42,29:28:19,36,Emily,Carlson,F,41,Arden Hills,MN,USA,--:--,,1:40:00,58,3:51:00,50,4:58:00,51,7:30:00,51,10:09:00,49,12:31:00,46,14:39:00,47,16:16:00,46,19:20:00,46,21:15:00,44,23:44:00,44,25:34:00,44,27:33:00,43,29:28:19,42
43,29:34:05,172,Erica,Mitchell,F,38,Minneapolis,MN,USA,--:--,,1:33:00,35,3:45:00,40,4:53:00,41,7:19:00,41,9:56:00,43,11:56:00,34,14:17:00,37,15:41:00,40,19:20:00,45,21:04:00,42,23:19:00,39,25:15:00,43,27:02:00,41,29:34:05,43
44,29:34:26,152,Zac,Lundgren,M,33,Minneapolis,MN,USA,--:--,,1:30:00,30,3:43:00,35,4:53:00,36,7:19:00,37,11:28:00,90,12:06:00,43,14:38:00,45,15:57:00,45,19:39:00,48,21:27:00,47,23:58:00,46,25:34:00,45,27:33:00,45,29:34:26,44
45,29:45:38,129,Tina,Koplinski,F,44,Greenfield,WI,USA,--:--,,1:50:00,104,4:12:00,89,5:18:00,87,8:00:00,79,10:43:00,71,13:05:00,63,15:17:00,63,16:36:00,61,19:59:00,52,22:43:00,58,23:58:00,45,25:58:00,47,27:33:00,44,29:45:38,45
46,29:47:57,13,Beth,Bauer,F,35,Cincinnati,OH,USA,--:--,,1:40:00,57,3:54:00,53,4:58:00,49,7:30:00,49,10:09:00,48,12:31:00,55,15:04:00,58,16:36:00,55,19:50:00,50,--:--,,24:13:00,47,25:58:00,46,27:33:00,46,29:47:57,46
47,29:56:42,157,Stephane,Malherbe,M,50,Marquette,MI,USA,--:--,,1:44:00,67,4:06:00,65,5:10:00,64,7:51:00,58,10:25:00,60,--:--,,15:07:00,60,16:36:00,62,19:59:00,55,21:54:00,50,24:13:00,50,25:58:00,48,27:50:00,47,29:56:42,47
48,30:16:49,236,Henry,Slocum,M,32,Minneapolis,MN,USA,--:--,,1:55:00,167,4:34:00,143,5:47:00,131,8:33:00,100,11:28:00,91,13:35:00,84,15:55:00,75,17:30:00,73,20:54:00,64,22:43:00,59,24:44:00,56,26:32:00,53,28:11:00,51,30:16:49,48
49,30:19:07,268,Frayah,Wasmund,F,38,Brodhead,WI,USA,--:--,,1:44:00,74,3:57:00,58,5:03:00,58,7:44:00,57,10:25:00,56,12:31:00,59,15:00:00,57,16:16:00,53,19:39:00,49,21:37:00,49,24:13:00,48,26:10:00,50,28:11:00,49,30:19:07,49
50,30:19:59,251,Kevin,Terry,M,38,Thiensville,WI,USA,--:--,,1:44:00,94,--:--,,5:10:00,70,7:53:00,66,10:25:00,55,13:05:00,62,15:08:00,61,16:36:00,58,20:11:00,60,22:03:00,55,24:27:00,52,26:01:00,49,27:50:00,48,30:19:59,50
51,30:31:26,189,Mark,Nygaard,M,55,Omaha,NE,USA,--:--,,1:44:00,76,4:12:00,94,5:18:00,88,8:00:00,82,10:43:00,76,13:08:00,67,15:26:00,68,16:58:00,64,21:06:00,73,23:13:00,69,25:32:00,67,27:07:00,64,28:43:00,54,30:31:26,51
52,30:34:06,192,Nicholas,Olson,M,43,Superior,WI,USA,--:--,,1:37:00,44,3:57:00,60,5:10:00,68,8:00:00,77,10:43:00,73,13:35:00,83,16:10:00,81,17:30:00,76,21:06:00,72,23:07:00,67,25:32:00,64,27:18:00,66,28:43:00,55,30:34:06,52
53,30:37:05,144,Russell,Lidberg,M,41,Maple Grove,MN,USA,--:--,,1:44:00,98,4:12:00,90,5:24:00,92,8:00:00,80,10:36:00,67,13:05:00,61,15:06:00,59,16:36:00,59,20:11:00,58,21:54:00,51,24:13:00,49,26:10:00,51,28:11:00,50,30:37:05,53
54,30:40:17,237,Dan,Smith,M,42,Grand Marais,MN,USA,--:--,,1:40:00,56,3:57:00,63,5:03:00,61,7:30:00,53,10:20:00,53,12:31:00,49,14:47:00,50,16:16:00,50,19:59:00,54,22:03:00,53,24:27:00,54,26:32:00,54,28:11:00,53,30:40:17,54
55,30:40:42,246,Nick,Swanson,M,33,Saint Paul,MN,USA,--:--,,1:30:00,31,3:31:00,30,4:42:00,34,7:19:00,36,9:56:00,45,12:31:00,58,15:22:00,64,16:58:00,65,20:30:00,63,22:49:00,60,25:10:00,61,27:07:00,65,28:43:00,57,30:40:42,55
56,30:42:29,184,Madison,Newman,F,24,Duluth,MN,USA,--:--,,1:44:00,72,4:06:00,75,5:10:00,66,8:52:00,130,10:47:00,84,13:17:00,73,15:51:00,74,17:30:00,75,21:06:00,71,--:--,,25:32:00,70,27:07:00,63,28:43:00,56,30:42:29,56
57,30:43:15,235,Laurel,Sipe,F,48,Otsego,MN,USA,--:--,,1:44:00,91,4:12:00,87,5:14:00,80,7:53:00,64,10:25:00,54,12:31:00,52,14:55:00,53,16:16:00,52,19:59:00,53,22:03:00,52,24:27:00,51,26:17:00,52,28:11:00,52,30:43:15,57
58,31:01:13,215,Josh,Rouse,M,41,Delano,MN,USA,--:--,,1:57:00,183,4:45:00,158,6:04:00,151,9:00:00,142,12:12:00,133,14:43:00,125,--:--,,19:12:00,109,22:14:00,90,23:50:00,79,25:57:00,73,27:27:00,70,28:57:00,64,31:01:13,58
59,31:01:41,204,Shawn,Pritchard,M,43,Arbor Vitae,WI,USA,--:--,,1:40:00,55,3:51:00,51,5:03:00,56,7:44:00,55,10:25:00,58,12:31:00,54,14:56:00,54,16:36:00,56,20:11:00,56,22:15:00,56,24:44:00,55,26:32:00,55,28:43:00,59,31:01:41,59
60,31:14:10,228,Benjamin,Schultz,M,40,Waupaca,WI,USA,--:--,,1:50:00,105,4:15:00,98,5:24:00,99,8:18:00,92,11:28:00,94,14:04:00,98,--:--,,18:23:00,93,21:29:00,75,22:57:00,63,25:19:00,63,27:07:00,62,28:57:00,62,31:14:10,60
61,31:16:50,20,Dan,Blascyk,M,45,Duluth,MN,USA,--:--,,1:33:00,32,3:38:00,32,4:42:00,30,7:15:00,35,9:56:00,40,11:56:00,38,14:18:00,39,15:41:00,39,19:20:00,44,21:37:00,48,24:27:00,53,26:44:00,56,28:43:00,60,31:16:50,61
62,31:20:03,196,Tony,Pierce,M,45,Mahtomedi,MN,USA,--:--,,1:50:00,114,--:--,,5:35:00,103,8:37:00,105,11:50:00,114,14:14:00,106,--:--,,18:23:00,101,22:14:00,89,23:57:00,82,26:09:00,77,27:49:00,74,29:30:00,70,31:20:03,62
63,31:20:06,155,John,Maas,M,62,Sleepy Eye,MN,USA,--:--,,1:44:00,66,3:54:00,56,5:03:00,59,7:53:00,67,10:43:00,72,13:08:00,68,15:26:00,66,16:58:00,67,20:54:00,65,22:49:00,61,25:32:00,69,27:18:00,68,29:05:00,67,31:20:06,63
64,31:20:16,214,Jake,Rossman,M,31,Minneapolis,MN,USA,--:--,,1:55:00,157,4:34:00,142,5:54:00,138,8:47:00,121,11:28:00,102,14:04:00,96,--:--,,18:23:00,89,21:29:00,79,23:13:00,70,25:32:00,65,27:07:00,61,28:57:00,63,31:20:16,64
65,31:24:52,239,Antonio,Stefanile,M,38,Thunder Bay,ON,CAN,--:--,,1:24:00,22,3:31:00,27,4:30:00,27,6:57:00,33,9:47:00,33,12:31:00,50,14:57:00,55,16:36:00,60,20:11:00,59,22:15:00,57,24:44:00,57,26:44:00,58,28:43:00,61,31:24:52,65
66,31:31:13,210,Chris,Restad,M,50,Woodbury,MN,USA,--:--,,1:40:00,60,3:54:00,55,5:03:00,57,7:44:00,56,10:36:00,70,13:05:00,64,15:26:00,69,16:58:00,68,21:06:00,70,23:07:00,68,25:50:00,71,27:27:00,69,29:05:00,66,31:31:13,66
67,31:34:30,195,George,Peterson,M,36,Duluth,MN,USA,--:--,,1:57:00,177,4:35:00,144,5:47:00,136,8:46:00,119,11:38:00,113,14:04:00,95,--:--,,18:23:00,88,21:29:00,76,23:07:00,66,25:19:00,62,27:07:00,59,29:05:00,65,31:34:30,67
68,31:40:46,160,Mark,Mathews,M,42,Minneapolis,MN,USA,--:--,,1:54:00,151,4:20:00,112,5:39:00,113,8:33:00,103,11:28:00,96,13:56:00,88,--:--,,17:53:00,82,21:29:00,78,23:32:00,73,25:57:00,74,27:49:00,73,29:30:00,72,31:40:46,68
69,31:45:18,70,Alexander,Falconer,M,43,Eden Prairie,MN,USA,--:--,,1:37:00,39,3:45:00,42,4:53:00,46,7:44:00,54,10:36:00,64,13:08:00,66,15:33:00,71,17:30:00,70,20:54:00,68,23:07:00,64,25:32:00,66,27:18:00,67,29:30:00,68,31:45:18,69
70,31:46:40,2,Alisha,Alness,F,37,Mound,MN,USA,--:--,,1:54:00,135,4:28:00,121,5:47:00,119,8:42:00,117,11:38:00,104,14:27:00,114,--:--,,18:23:00,100,22:04:00,86,23:50:00,77,26:29:00,82,28:03:00,78,29:39:00,73,31:46:40,70
71,31:51:14,150,Erika,Lohn,F,51,Dayton,MN,USA,--:--,,1:44:00,89,4:12:00,91,5:18:00,84,8:00:00,76,--:--,,13:35:00,82,16:03:00,78,17:53:00,78,21:57:00,81,23:32:00,76,--:--,,27:49:00,75,29:39:00,74,31:51:14,71
72,31:59:06,29,Amy,Broadmoore,F,47,Duluth,MN,USA,--:--,,1:40:00,53,4:06:00,67,5:18:00,91,8:10:00,88,10:47:00,78,13:17:00,71,15:42:00,73,17:30:00,71,20:54:00,67,--:--,,24:58:00,60,26:44:00,57,28:43:00,58,31:59:06,72
73,32:18:24,136,Marcus,Lane,M,44,Hermantown,MN,USA,--:--,,1:44:00,97,4:06:00,81,5:18:00,82,7:51:00,62,11:05:00,86,13:17:00,72,16:08:00,79,17:53:00,81,21:57:00,83,23:32:00,72,25:50:00,72,27:27:00,71,29:30:00,69,32:18:24,73
74,32:31:57,134,Nate,Lafond,M,29,Ely,MN,USA,--:--,,1:54:00,149,4:28:00,129,5:39:00,111,8:38:00,108,11:28:00,101,14:14:00,103,--:--,,18:23:00,99,22:14:00,93,24:07:00,83,26:09:00,78,28:03:00,77,30:10:00,75,32:31:57,74
75,32:34:56,202,Seth,Price,M,51,Cumberland,WI,USA,--:--,,1:44:00,92,4:28:00,120,5:47:00,135,8:47:00,125,11:50:00,122,14:27:00,118,--:--,,18:35:00,105,22:14:00,95,24:10:00,87,--:--,,28:31:00,83,30:20:00,80,32:34:56,75
76,32:40:39,114,Kelly,Jaworski,F,35,Mound,MN,USA,--:--,,1:54:00,136,4:28:00,125,5:47:00,127,8:47:00,120,11:50:00,119,14:27:00,115,--:--,,18:23:00,98,22:04:00,88,23:50:00,78,26:51:00,84,28:17:00,81,30:20:00,79,32:40:39,76
77,32:48:05,164,Jordan,McIntyre,M,37,Grand Forks,ND,USA,--:--,,1:55:00,161,4:12:00,93,5:24:00,93,7:53:00,68,10:25:00,63,13:05:00,65,15:39:00,72,17:30:00,74,21:29:00,74,23:32:00,75,25:57:00,75,27:49:00,76,30:10:00,78,32:48:05,77
78,32:51:27,203,Paul,Priem,M,38,Holmen,WI,USA,--:--,,1:44:00,70,4:06:00,69,5:10:00,69,7:53:00,65,10:43:00,75,13:08:00,70,15:30:00,70,16:58:00,69,20:54:00,66,22:57:00,62,25:32:00,68,27:31:00,72,30:10:00,77,32:51:27,78
79,32:51:35,223,Kevin,Sas,M,39,DeForest,WI,USA,--:--,,1:44:00,90,4:06:00,84,5:10:00,67,7:57:00,73,10:47:00,77,13:35:00,86,--:--,,18:35:00,107,23:25:00,117,25:26:00,114,28:04:00,108,29:39:00,102,31:07:00,91,32:51:35,79
80,32:59:44,250,Ryan,Teegarden,M,47,Woodbury,MN,USA,--:--,,1:44:00,73,4:06:00,78,5:14:00,74,7:57:00,71,10:36:00,68,13:08:00,69,15:09:00,62,16:36:00,57,20:11:00,57,22:03:00,54,24:55:00,58,27:07:00,60,29:30:00,71,32:59:44,80
81,33:09:45,175,Kevin,Montroy,M,59,Greenfield,MN,USA,--:--,,1:57:00,191,4:57:00,181,6:23:00,169,9:14:00,153,12:24:00,137,14:43:00,126,--:--,,19:12:00,112,22:36:00,100,24:23:00,95,26:51:00,85,28:55:00,85,30:47:00,83,33:09:45,81
82,33:18:42,44,Marco,Coelho,M,49,Saint Paul,MN,USA,--:--,,1:44:00,85,4:06:00,74,5:18:00,81,7:51:00,61,10:25:00,57,12:31:00,56,15:24:00,65,16:58:00,66,20:54:00,69,23:07:00,65,26:09:00,76,28:31:00,82,30:26:00,82,33:18:42,82
83,33:19:17,245,Nate,Swanberg,M,43,Lafayette,CO,USA,--:--,,1:40:00,62,3:54:00,57,4:58:00,53,8:00:00,81,10:47:00,81,13:17:00,75,16:18:00,84,17:53:00,83,22:36:00,104,24:10:00,89,27:04:00,93,29:05:00,93,31:07:00,94,33:19:17,83
84,33:22:51,267,Dave,Warner,M,41,Plymouth,MN,USA,--:--,,1:54:00,153,4:28:00,116,5:35:00,107,8:38:00,107,11:38:00,108,14:14:00,110,--:--,,19:12:00,110,22:36:00,103,24:23:00,91,27:04:00,94,28:55:00,86,31:07:00,88,33:22:51,84
85,33:24:05,226,Matthew,Schoen,M,41,St Louis Park,MN,USA,--:--,,1:54:00,150,4:28:00,127,5:39:00,114,8:38:00,109,11:28:00,100,14:14:00,104,--:--,,18:23:00,97,22:14:00,91,24:10:00,88,26:51:00,87,29:05:00,89,30:47:00,84,33:24:05,85
86,33:24:14,133,Bryan,Lacore,M,39,Cloquet,MN,USA,--:--,,1:54:00,130,4:34:00,138,5:54:00,142,9:00:00,135,12:03:00,128,14:43:00,122,--:--,,19:12:00,115,23:11:00,108,24:57:00,106,27:27:00,102,29:23:00,99,31:07:00,87,33:24:14,86
87,33:26:37,55,Nick,Davis,M,44,Westfield,IN,USA,--:--,,1:44:00,78,4:06:00,71,5:14:00,75,8:00:00,84,10:47:00,79,13:17:00,76,16:18:00,82,18:23:00,84,21:57:00,85,24:07:00,84,26:51:00,83,29:05:00,87,30:47:00,85,33:26:37,87
88,33:26:38,224,Mario,Scalcucci,M,36,Wausau,WI,USA,--:--,,1:44:00,84,4:06:00,76,5:14:00,79,8:03:00,86,10:47:00,80,13:17:00,78,16:18:00,83,18:23:00,85,22:04:00,87,24:07:00,85,26:51:00,86,29:05:00,88,30:47:00,86,33:26:38,88
89,33:27:07,217,Neil,Runions,M,42,Plymouth,MN,USA,--:--,,1:52:00,128,4:28:00,123,5:47:00,129,9:00:00,138,12:03:00,129,18:07:00,203,--:--,,19:12:00,118,23:11:00,113,24:57:00,107,27:18:00,97,29:23:00,97,31:07:00,90,33:27:07,89
90,33:27:07,42,Seth,Clayton,M,42,Rockford,MI,USA,--:--,,1:40:00,59,3:57:00,62,5:10:00,62,7:57:00,72,10:43:00,74,13:35:00,81,16:09:00,80,17:53:00,77,21:29:00,77,23:32:00,74,26:29:00,80,28:17:00,80,30:26:00,81,33:27:07,90
91,33:36:54,177,Matt,Morison,M,33,Winnipeg,MB,CAN,--:--,,1:55:00,163,4:43:00,149,5:54:00,140,8:42:00,115,11:50:00,116,14:04:00,94,--:--,,18:23:00,87,21:57:00,84,23:57:00,81,27:04:00,92,29:05:00,92,31:07:00,93,33:36:54,91
92,33:37:33,132,Rick,Lacaille,M,57,Duluth,MN,USA,--:--,,1:44:00,69,4:06:00,73,5:14:00,78,8:18:00,95,11:28:00,95,13:56:00,90,--:--,,18:23:00,96,22:52:00,106,24:50:00,102,27:47:00,103,29:23:00,101,31:07:00,95,33:37:33,92
93,33:40:36,193,Paul,Olson,M,49,Spring Lake Park,MN,USA,--:--,,1:54:00,152,4:31:00,134,5:47:00,133,8:52:00,133,12:24:00,140,15:03:00,132,--:--,,19:12:00,120,23:25:00,115,25:09:00,111,27:47:00,106,29:39:00,104,31:21:00,100,33:40:36,93
94,33:43:08,252,Cody,Teslow,M,45,Holmen,WI,USA,--:--,,1:44:00,103,4:12:00,92,5:18:00,85,8:10:00,90,--:--,,14:04:00,99,--:--,,18:23:00,102,--:--,,24:23:00,90,26:51:00,88,29:05:00,91,31:07:00,92,33:43:08,94
95,33:43:42,85,Jeff,Goldstein,M,66,Maple Grove,MN,USA,--:--,,1:54:00,147,4:36:00,146,6:04:00,153,9:00:00,139,12:12:00,130,15:03:00,127,--:--,,19:23:00,126,23:11:00,107,24:42:00,100,27:18:00,96,29:05:00,96,31:07:00,89,33:43:42,95
96,33:51:06,128,Andrew,Komp,M,46,Chetek,WI,USA,--:--,,1:44:00,83,4:06:00,72,5:14:00,76,8:00:00,83,10:47:00,83,13:17:00,79,16:03:00,77,17:53:00,80,22:20:00,98,24:23:00,92,27:04:00,90,29:05:00,90,31:21:00,98,33:51:06,96
97,33:51:08,28,Tammi,Braund,F,44,Cushing,WI,USA,--:--,,1:44:00,82,4:06:00,70,5:14:00,73,8:00:00,78,10:47:00,82,13:17:00,77,16:03:00,76,17:53:00,79,22:20:00,96,24:23:00,94,27:04:00,89,29:05:00,94,--:--,,33:51:08,97
98,33:52:33,171,Robert,Miller,M,28,Ithaca,NY,USA,--:--,,1:50:00,107,4:15:00,97,5:24:00,100,8:18:00,96,11:28:00,93,13:56:00,91,--:--,,18:23:00,92,22:14:00,94,24:10:00,86,26:09:00,79,28:03:00,79,30:10:00,76,33:52:33,98
99,33:57:12,59,Dan,Denucci,M,36,Minneapolis,MN,USA,--:--,,1:54:00,133,4:20:00,109,5:35:00,102,9:00:00,134,12:24:00,141,15:18:00,138,--:--,,19:23:00,129,23:11:00,112,24:50:00,103,27:27:00,98,29:23:00,98,31:21:00,99,33:57:12,99
100,34:15:02,218,Ben,Ruyle,M,49,Baraboo,WI,USA,--:--,,1:50:00,111,4:20:00,106,5:39:00,109,8:33:00,98,11:38:00,106,14:04:00,97,--:--,,18:23:00,90,22:36:00,101,24:42:00,101,27:27:00,101,29:39:00,105,31:36:00,102,34:15:02,100
101,34:20:53,63,Terry,Dreves,F,59,Houghton,MI,USA,--:--,,1:50:00,112,4:28:00,124,6:04:00,144,8:47:00,122,11:50:00,115,14:14:00,109,--:--,,18:23:00,103,22:20:00,97,24:23:00,97,27:04:00,91,29:05:00,95,31:21:00,97,34:20:53,101
102,34:21:24,123,Nicholas,Keller,M,44,Saint Paul,MN,USA,--:--,,1:44:00,101,4:20:00,100,5:39:00,110,9:26:00,156,12:58:00,158,16:07:00,151,--:--,,20:10:00,135,23:56:00,126,25:39:00,119,28:16:00,112,30:04:00,113,32:00:00,103,34:21:24,102
103,34:27:23,32,Jim,Browning,M,51,Rosemount,MN,USA,--:--,,1:52:00,120,4:34:00,139,5:54:00,137,8:47:00,126,11:50:00,118,14:04:00,92,--:--,,18:23:00,91,22:20:00,99,24:23:00,96,27:18:00,95,29:23:00,100,31:36:00,101,34:27:23,103
104,34:28:18,74,Luke,Froehle,M,49,Minneapolis,MN,USA,--:--,,1:44:00,100,4:06:00,82,5:18:00,86,8:10:00,87,11:28:00,89,13:56:00,87,--:--,,18:23:00,95,22:36:00,102,24:42:00,98,27:27:00,100,29:39:00,103,32:00:00,105,34:28:18,104
105,34:48:42,234,Autum,Shurbert-Hetzel,F,25,Apple Valley,MN,USA,--:--,,1:30:00,29,3:38:00,31,4:42:00,35,6:50:00,24,9:19:00,24,11:14:00,23,13:29:00,23,14:57:00,26,19:50:00,51,24:50:00,104,28:16:00,115,30:04:00,110,32:13:00,106,34:48:42,105
106,34:49:37,95,Andrew,Hahn,M,39,Verona,WI,USA,--:--,,1:55:00,162,4:28:00,128,5:47:00,121,8:38:00,111,11:28:00,99,14:27:00,117,18:59:00,85,19:23:00,127,23:25:00,118,25:39:00,118,28:04:00,110,30:21:00,116,32:13:00,109,34:49:37,106
107,34:50:16,30,Eric,Bron,M,38,Thunder Bay,ON,CAN,--:--,,1:33:00,33,3:51:00,48,5:10:00,65,8:18:00,93,11:28:00,97,14:27:00,112,--:--,,19:12:00,111,23:11:00,110,25:09:00,109,28:04:00,109,30:04:00,111,32:13:00,107,34:50:16,107
108,34:52:28,254,Gabriel,Thompson,M,44,Hanover,MN,USA,--:--,,1:52:00,129,4:20:00,107,5:35:00,104,8:33:00,104,11:38:00,103,14:04:00,100,--:--,,18:23:00,94,22:14:00,92,24:23:00,93,27:27:00,99,29:39:00,106,32:00:00,104,34:52:28,108
109,34:53:22,48,Mindy,Coolman,F,41,Omaha,NE,USA,--:--,,1:54:00,132,4:28:00,118,5:47:00,118,8:38:00,113,11:38:00,105,14:04:00,93,--:--,,18:23:00,86,21:57:00,82,23:57:00,80,26:29:00,81,28:55:00,84,31:21:00,96,34:53:22,109
110,34:59:58,191,Scott,Oleary,M,59,Maple Grove,MN,USA,--:--,,2:05:00,205,4:45:00,160,6:04:00,149,8:52:00,132,12:03:00,125,14:43:00,120,--:--,,19:12:00,116,23:43:00,122,25:39:00,116,28:04:00,111,30:04:00,109,32:13:00,111,34:59:58,110
111,35:01:14,174,Jessica,Monk,F,35,Verona,WI,USA,--:--,,1:57:00,176,4:51:00,166,6:08:00,160,9:14:00,146,12:31:00,143,15:03:00,130,--:--,,19:12:00,117,22:52:00,105,24:42:00,99,27:47:00,104,30:04:00,112,32:17:00,112,35:01:14,111
112,35:03:09,73,John,Focke,M,43,Minneapolis,MN,USA,--:--,,1:54:00,154,4:28:00,122,5:35:00,105,8:33:00,101,11:28:00,92,14:14:00,105,--:--,,19:12:00,119,23:11:00,114,25:09:00,108,28:04:00,107,30:04:00,108,32:13:00,108,35:03:09,112
113,35:09:56,186,Scott,Noerenberg,M,58,Hopkins,MN,USA,--:--,,1:55:00,172,4:43:00,150,5:54:00,143,8:47:00,127,12:03:00,127,14:43:00,124,--:--,,19:12:00,122,23:25:00,116,25:26:00,113,28:16:00,113,30:21:00,115,32:17:00,113,35:09:56,113
114,35:18:25,225,Geni,Scalio,F,52,Milwaukee,WI,USA,--:--,,1:50:00,115,4:20:00,113,5:47:00,130,8:38:00,112,11:38:00,112,14:27:00,113,--:--,,19:12:00,114,23:25:00,120,25:39:00,117,28:37:00,117,30:37:00,118,32:47:00,116,35:18:25,114
115,35:21:16,58,Tracy,Denbleyker,F,52,Fennville,MI,USA,--:--,,1:50:00,117,4:45:00,159,6:15:00,163,9:26:00,154,12:58:00,154,15:47:00,145,--:--,,20:36:00,139,24:19:00,133,26:21:00,125,29:01:00,123,31:07:00,120,32:59:00,118,35:21:16,115
116,35:22:12,197,Chris,Platcek,M,35,Two Harbors,MN,USA,--:--,,1:54:00,131,4:31:00,137,5:47:00,128,8:42:00,118,11:50:00,121,14:43:00,121,--:--,,19:12:00,123,23:43:00,124,25:46:00,122,28:37:00,118,30:37:00,119,32:47:00,117,35:22:12,116
117,35:37:39,71,Troy,Feustel,M,48,Apple Valley,MN,USA,--:--,,1:52:00,126,4:43:00,148,6:15:00,162,9:55:00,182,13:26:00,177,16:39:00,173,--:--,,21:24:00,169,25:28:00,153,27:10:00,143,29:27:00,133,31:20:00,124,32:59:00,119,35:37:39,117
118,35:38:58,107,Justin,Hudalla,M,46,Saint Paul,MN,USA,--:--,,1:50:00,109,4:31:00,132,5:47:00,122,8:42:00,116,11:38:00,110,14:04:00,101,--:--,,18:35:00,106,--:--,,24:57:00,105,27:47:00,105,30:04:00,107,32:13:00,110,35:38:58,118
119,35:43:52,140,Aaron,Larson,M,45,Marshall,MN,USA,--:--,,1:44:00,102,4:20:00,103,5:39:00,116,8:47:00,123,12:03:00,124,14:43:00,123,--:--,,19:12:00,121,23:25:00,119,25:39:00,115,28:16:00,114,30:21:00,114,32:47:00,114,35:43:52,119
120,35:48:57,260,David,Van De Meerendonk,M,16,Bloomington,MN,USA,--:--,,2:05:00,195,5:04:00,190,6:23:00,183,9:26:00,161,12:50:00,152,15:47:00,147,--:--,,20:36:00,144,24:47:00,136,26:43:00,132,29:15:00,129,31:20:00,129,33:30:00,123,35:48:57,120
121,35:58:37,179,Aidan,Nancarrow,M,34,Minneapolis,MN,USA,--:--,,1:44:00,81,4:06:00,66,5:24:00,95,8:25:00,97,11:28:00,98,14:14:00,107,--:--,,18:35:00,104,23:11:00,111,25:09:00,110,28:16:00,116,30:21:00,117,32:47:00,115,35:58:37,121
122,36:02:13,86,Jeff,Goodmanson,M,60,Village Of Lakewood,IL,USA,--:--,,1:54:00,138,4:34:00,141,6:04:00,146,9:00:00,140,12:31:00,144,15:18:00,140,--:--,,20:10:00,134,24:02:00,128,26:21:00,126,29:01:00,124,31:07:00,121,33:08:00,120,36:02:13,122
123,36:03:45,83,Brock,Gilmer,M,27,Sioux Falls,SD,USA,--:--,,1:44:00,68,4:06:00,68,6:04:00,148,9:14:00,145,12:24:00,136,15:03:00,133,--:--,,20:10:00,133,24:19:00,129,26:30:00,130,29:15:00,127,31:20:00,126,33:30:00,127,36:03:45,123
124,36:07:55,104,Robert,Hoffmann,M,34,Madison,WI,USA,--:--,,--:--,,4:45:00,156,6:08:00,156,9:26:00,155,12:50:00,147,15:18:00,139,--:--,,20:10:00,130,24:19:00,130,26:21:00,127,29:15:00,128,31:20:00,125,33:30:00,121,36:07:55,124
125,36:16:03,92,Michael,Hack,M,50,San Diego,CA,USA,--:--,,2:10:00,226,5:27:00,215,6:59:00,213,10:13:00,196,13:39:00,184,16:27:00,169,--:--,,20:56:00,155,24:47:00,139,26:53:00,134,29:27:00,131,31:20:00,130,33:30:00,124,36:16:03,125
126,36:23:42,145,Nate,Lien,M,47,Blackduck,MN,USA,--:--,,1:44:00,87,--:--,,5:14:00,71,8:00:00,75,10:47:00,85,13:35:00,85,18:59:00,86,19:12:00,113,23:11:00,109,25:26:00,112,28:37:00,120,31:07:00,122,33:30:00,126,36:23:42,126
127,36:29:02,207,Sean,Randle,M,55,Fairbanks,AK,USA,--:--,,1:44:00,93,4:20:00,111,5:47:00,125,9:14:00,148,12:50:00,149,15:47:00,149,--:--,,20:56:00,148,25:14:00,152,27:35:00,151,30:01:00,144,31:58:00,141,34:00:00,137,36:29:02,127
128,36:30:00,113,Alisha,Janaszak,F,45,Apple Valley,MN,USA,--:--,,2:05:00,212,5:11:00,200,6:44:00,201,10:07:00,185,13:26:00,172,16:07:00,158,--:--,,20:36:00,143,24:47:00,138,27:00:00,140,29:40:00,138,31:40:00,134,33:52:00,128,36:30:00,128
129,36:32:35,99,Heidi,Hasapopoulos,F,43,Alexandria,MN,USA,--:--,,1:52:00,121,4:20:00,101,5:35:00,106,8:38:00,110,11:38:00,109,14:27:00,119,--:--,,19:12:00,124,23:56:00,125,26:01:00,123,29:01:00,122,31:20:00,127,33:30:00,125,36:32:35,129
130,36:34:19,18,Erin,Bjork,F,29,Saint Paul,MN,USA,--:--,,2:05:00,197,4:57:00,180,6:23:00,178,9:47:00,171,13:17:00,170,16:27:00,166,--:--,,21:24:00,168,25:37:00,155,27:55:00,154,30:15:00,148,32:26:00,145,34:00:00,138,36:34:19,130
131,36:37:54,241,Sharleen,Stevens,F,40,Sioux Falls,SD,USA,--:--,,1:55:00,164,4:45:00,161,6:15:00,164,9:38:00,164,12:58:00,159,16:07:00,152,--:--,,21:24:00,166,25:14:00,151,27:23:00,148,30:01:00,145,31:58:00,142,34:00:00,140,36:37:54,131
132,36:38:22,118,Jimmy,Jones,M,45,Naperville,IL,USA,--:--,,1:55:00,156,4:51:00,165,6:44:00,193,9:55:00,178,13:17:00,167,16:07:00,159,--:--,,20:56:00,151,24:59:00,144,27:00:00,136,29:40:00,135,31:58:00,138,33:52:00,135,36:38:22,132
133,36:39:06,22,Irina,Boggie-Miloserdova,F,64,Two Harbors,MN,USA,--:--,,1:55:00,174,4:51:00,167,6:15:00,165,9:38:00,169,13:17:00,166,16:27:00,167,--:--,,21:04:00,158,24:59:00,147,27:00:00,141,29:40:00,139,31:40:00,131,33:52:00,132,36:39:06,133
134,36:39:40,116,Cary,Johnson,M,58,Savage,MN,USA,--:--,,1:54:00,141,4:36:00,147,5:54:00,139,9:00:00,141,12:31:00,145,15:18:00,135,--:--,,19:23:00,128,23:43:00,121,25:46:00,121,28:37:00,119,31:07:00,123,33:30:00,122,36:39:40,134
135,36:42:18,120,Martin,Kaiser,M,60,Thunder Bay,ON,CAN,--:--,,2:10:00,218,5:27:00,223,7:08:00,224,10:55:00,218,14:36:00,209,17:32:00,193,20:12:00,93,22:34:00,177,26:15:00,168,28:03:00,160,30:48:00,157,32:40:00,155,34:27:00,143,36:42:18,135
136,36:54:25,231,Joshua,Segal,M,38,Minneapolis,MN,USA,--:--,,2:10:00,215,5:16:00,207,6:44:00,194,9:55:00,179,13:17:00,169,16:07:00,157,--:--,,21:04:00,160,24:59:00,146,27:00:00,138,29:40:00,141,31:58:00,139,34:00:00,139,36:54:25,136
137,36:54:27,14,Andie,Bennett,F,44,Sioux Falls,SD,USA,--:--,,1:50:00,116,4:31:00,135,5:54:00,141,9:00:00,136,12:31:00,142,15:47:00,148,--:--,,20:36:00,145,--:--,,27:00:00,137,30:01:00,143,31:58:00,140,34:00:00,136,36:54:27,137
138,36:55:22,64,James,Drummond,M,38,Stillwater,MN,USA,--:--,,1:54:00,134,4:34:00,140,6:04:00,152,9:00:00,137,12:24:00,134,15:18:00,137,--:--,,20:36:00,140,24:47:00,137,27:00:00,135,29:40:00,134,31:40:00,133,--:--,,36:55:22,138
139,36:56:35,135,Ashley,Lammi,F,34,Rockford,IL,USA,--:--,,1:55:00,171,4:55:00,170,6:23:00,177,9:38:00,167,13:26:00,173,16:27:00,168,--:--,,21:04:00,159,24:59:00,148,27:10:00,144,29:40:00,140,31:40:00,137,33:52:00,133,36:56:35,139
140,37:01:10,49,Nicole,Correnti,F,42,South beloit,IL,USA,--:--,,1:55:00,169,4:51:00,163,6:15:00,166,9:38:00,170,13:17:00,164,16:07:00,164,--:--,,20:56:00,149,24:59:00,140,27:00:00,139,29:40:00,136,31:40:00,135,33:52:00,130,37:01:10,140
141,37:01:13,87,Brad,Gorski,M,43,Belvidere,IL,USA,--:--,,1:55:00,170,4:51:00,164,6:15:00,167,9:38:00,166,13:17:00,163,16:07:00,156,--:--,,20:56:00,147,24:59:00,141,27:00:00,142,29:40:00,137,31:40:00,136,33:52:00,131,37:01:13,141
142,37:07:37,265,Mindy,Ward,F,49,Huxley,IA,USA,--:--,,2:05:00,208,5:16:00,204,6:44:00,195,10:07:00,188,13:39:00,183,17:09:00,181,20:12:00,89,22:34:00,175,25:53:00,166,27:55:00,155,30:25:00,153,32:26:00,149,34:16:00,142,37:07:37,142
143,37:08:04,154,Matt,Lutz,M,38,Apple Valley,MN,USA,--:--,,1:54:00,139,4:28:00,126,5:35:00,108,8:38:00,114,11:50:00,120,14:27:00,116,--:--,,19:12:00,125,23:56:00,127,26:21:00,124,29:01:00,125,31:20:00,128,33:52:00,129,37:08:04,143
144,37:12:33,209,Todd,Reemtsma,M,56,Saint Paul,MN,USA,--:--,,2:10:00,227,5:27:00,224,6:59:00,218,10:42:00,214,14:19:00,202,17:32:00,195,20:38:00,100,22:34:00,184,26:41:00,171,28:35:00,168,31:24:00,167,33:33:00,163,34:38:00,153,37:12:33,144
145,37:13:20,201,Jack,Prentice,M,52,Eagan,MN,USA,--:--,,1:57:00,181,5:04:00,194,6:44:00,197,10:07:00,190,13:39:00,182,16:39:00,174,--:--,,21:24:00,165,25:37:00,157,28:15:00,166,30:48:00,158,32:40:00,158,34:33:00,149,37:13:20,145
146,37:15:54,258,Brian,Tork,M,56,Geneva,IL,USA,--:--,,1:55:00,165,4:51:00,168,6:23:00,172,9:38:00,165,13:05:00,161,16:07:00,154,--:--,,20:36:00,142,24:34:00,135,26:53:00,133,29:40:00,142,31:58:00,143,34:16:00,141,37:15:54,146
147,37:16:49,181,Rebecca,Neeck,F,38,Lino lakes,MN,USA,--:--,,1:54:00,142,4:43:00,151,6:08:00,157,9:26:00,157,12:50:00,151,15:47:00,144,--:--,,20:10:00,136,24:34:00,134,26:30:00,129,29:27:00,132,32:06:00,144,34:27:00,144,37:16:49,147
148,37:17:12,206,Erik,Raivo,M,39,Minneapolis,MN,USA,--:--,,2:10:00,219,5:27:00,216,6:59:00,211,10:18:00,202,14:07:00,195,17:32:00,194,21:05:00,105,23:08:00,189,27:06:00,181,29:20:00,179,31:10:00,165,32:40:00,154,34:27:00,145,37:17:12,148
149,37:17:13,238,Jennifer,St. Amand,F,49,Dexter,MN,USA,--:--,,1:44:00,71,4:12:00,88,6:04:00,147,9:00:00,143,12:24:00,138,15:29:00,143,--:--,,20:56:00,153,25:53:00,161,28:03:00,163,31:10:00,162,33:33:00,164,34:49:00,160,37:17:13,149
150,37:18:37,180,Joshua,Natrop,M,40,Jordan,MN,USA,--:--,,1:57:00,194,4:57:00,186,6:23:00,173,9:26:00,160,12:58:00,155,15:47:00,150,--:--,,20:36:00,141,24:59:00,142,27:10:00,146,30:25:00,151,32:27:00,151,34:27:00,147,37:18:37,150
151,37:19:36,69,Kathy,Errthum,F,47,La Crosse,WI,USA,--:--,,1:57:00,175,5:04:00,189,6:23:00,182,9:47:00,173,13:17:00,168,16:07:00,162,--:--,,20:56:00,154,24:59:00,145,27:23:00,149,30:25:00,154,32:32:00,153,34:33:00,150,37:19:36,151
152,37:21:39,61,Jennifer,Doolin,F,38,Greenville,WI,USA,--:--,,1:54:00,137,4:43:00,153,6:08:00,159,9:26:00,159,12:58:00,156,16:07:00,161,--:--,,21:04:00,162,25:28:00,154,27:35:00,150,30:25:00,152,32:26:00,147,34:27:00,148,37:21:39,152
153,37:24:09,33,Jeffrey,Bruzek,M,48,Richfield,MN,USA,--:--,,1:52:00,125,4:20:00,105,5:47:00,117,8:47:00,124,12:03:00,126,15:03:00,131,--:--,,20:10:00,132,24:19:00,132,26:30:00,128,29:27:00,130,31:40:00,132,33:52:00,134,37:24:09,153
154,37:30:57,142,Evan,Lefler,M,35,Traverse City,MI,USA,--:--,,2:10:00,213,5:11:00,196,6:44:00,202,10:07:00,186,13:26:00,175,16:27:00,170,--:--,,21:24:00,163,25:37:00,160,28:03:00,161,30:25:00,150,32:27:00,150,34:38:00,152,37:30:57,154
155,37:32:05,117,Mark,Johnson,M,43,Delano,MN,USA,--:--,,1:44:00,88,4:28:00,119,5:47:00,132,9:11:00,144,12:50:00,148,15:47:00,146,--:--,,20:56:00,146,24:59:00,143,27:10:00,145,30:15:00,147,32:26:00,146,34:27:00,146,37:32:05,155
156,37:35:47,275,Jason,Zimmerman,M,50,Minneapolis,MN,USA,--:--,,1:54:00,143,4:43:00,155,6:08:00,161,9:47:00,172,13:26:00,176,16:39:00,172,--:--,,21:30:00,170,25:37:00,156,27:44:00,152,30:25:00,155,32:32:00,152,34:49:00,155,37:35:47,156
157,37:39:54,102,Nathan,Higgins,M,50,Medina,MN,USA,--:--,,1:57:00,180,4:31:00,131,5:47:00,120,8:52:00,128,12:24:00,135,15:18:00,141,--:--,,20:56:00,150,25:14:00,150,27:23:00,147,30:15:00,149,32:40:00,157,34:38:00,151,37:39:54,157
158,37:43:55,147,Andy,Littler,M,47,Embarrass,MN,USA,--:--,,1:57:00,193,4:57:00,185,6:23:00,171,9:47:00,175,13:17:00,171,16:07:00,163,--:--,,20:58:00,156,25:53:00,163,27:44:00,153,30:48:00,160,32:40:00,159,34:49:00,156,37:43:55,158
159,37:46:23,60,Susan,Donnelly,F,60,Oak Ridge,TN,USA,--:--,,2:05:00,209,5:16:00,205,6:44:00,199,10:07:00,187,13:39:00,180,16:39:00,171,--:--,,21:24:00,164,25:53:00,162,28:03:00,159,31:10:00,164,33:33:00,165,35:05:00,161,37:46:23,159
160,37:47:35,255,Melissa,Thompson,F,38,Eau Claire,WI,USA,--:--,,1:55:00,168,4:55:00,171,6:32:00,188,9:55:00,180,13:26:00,178,17:09:00,179,20:12:00,87,22:09:00,174,26:15:00,167,28:31:00,167,31:10:00,163,32:54:00,162,34:49:00,157,37:47:35,160
161,37:48:58,93,Andy,Hagen,M,48,Hopkins,MN,USA,--:--,,1:54:00,148,4:43:00,154,6:06:00,154,9:14:00,152,12:50:00,146,16:07:00,153,--:--,,21:04:00,157,25:37:00,158,28:15:00,165,31:10:00,161,32:54:00,161,34:49:00,158,37:48:58,161
162,37:54:47,84,Kelsey,Gilmore,F,34,Hudson,WI,USA,--:--,,1:50:00,106,4:28:00,114,5:47:00,124,--:--,,12:12:00,131,15:29:00,142,--:--,,20:36:00,138,25:14:00,149,28:03:00,158,30:48:00,159,32:54:00,160,35:14:00,162,37:54:47,162
163,37:58:09,247,Matt,Sweetman,M,49,Minnetonka,MN,USA,--:--,,1:44:00,77,4:12:00,85,5:24:00,96,8:38:00,106,11:50:00,123,15:03:00,128,--:--,,20:10:00,131,24:19:00,131,26:43:00,131,30:01:00,146,32:26:00,148,34:49:00,154,37:58:09,163
164,,173,Grant,Monette,M,67,Durham,ON,CAN,--:--,,2:10:00,221,5:27:00,221,6:59:00,216,10:13:00,198,13:53:00,191,17:09:00,177,20:12:00,88,22:09:00,172,25:53:00,165,27:55:00,157,30:33:00,156,32:40:00,156,34:49:00,159,--:--,
165,,17,Nicole,Bernardin,F,43,Appleton,WI,USA,--:--,,2:05:00,206,5:11:00,199,6:44:00,204,10:07:00,189,13:39:00,179,17:09:00,180,20:33:00,95,22:47:00,186,26:52:00,176,29:06:00,174,32:01:00,169,33:37:00,168,35:30:00,163,--:--,
166,,168,Stephan,Miklos,M,54,Owen Sound,ON,CAN,--:--,,1:54:00,144,4:31:00,133,5:47:00,123,8:52:00,131,12:12:00,132,15:03:00,129,--:--,,20:56:00,152,25:37:00,159,27:55:00,156,31:24:00,166,33:33:00,166,35:30:00,164,--:--,
167,,82,Kari,Gibbons,F,44,Minneapolis,MN,USA,--:--,,2:10:00,217,5:16:00,210,6:59:00,212,10:18:00,200,14:19:00,198,17:32:00,197,21:05:00,104,23:08:00,190,27:06:00,180,29:20:00,180,--:--,,33:36:00,167,36:15:00,165,--:--,
168,,169,Jeff,Miller,M,58,Silver Bay,MN,USA,--:--,,1:24:00,24,3:24:00,23,4:20:00,15,6:27:00,11,8:36:00,10,10:38:00,9,12:32:00,8,13:28:00,7,16:08:00,7,17:55:00,8,19:54:00,8,23:00:00,17,--:--,,--:--,
169,,77,Holly,Gantman,F,53,Minnetonka,MN,USA,--:--,,1:57:00,182,5:11:00,195,6:44:00,207,10:13:00,195,14:07:00,197,17:32:00,188,20:38:00,98,22:34:00,182,26:41:00,172,29:00:00,170,32:01:00,171,33:41:00,169,--:--,,--:--,
170,,276,Tammy,Zyduck,F,58,Waukesha,WI,USA,--:--,,1:54:00,146,4:55:00,172,6:23:00,174,9:55:00,176,13:39:00,181,17:09:00,183,20:38:00,101,22:34:00,183,26:52:00,175,29:00:00,172,32:01:00,170,33:41:00,170,--:--,,--:--,
171,,80,Timothy,Gearns,M,40,Hermantown,MN,USA,--:--,,1:19:00,3,3:11:00,9,4:12:00,11,6:27:00,12,8:47:00,11,10:56:00,14,13:14:00,20,14:38:00,23,18:28:00,29,20:25:00,35,24:57:00,59,--:--,,--:--,,--:--,
172,,46,Sara,Conrad,F,43,Minneapolis,MN,USA,--:--,,1:33:00,36,3:45:00,38,4:53:00,45,7:30:00,47,10:09:00,47,12:31:00,44,14:39:00,48,16:16:00,47,20:30:00,62,23:32:00,71,28:38:00,121,--:--,,--:--,,--:--,
173,,66,Jeremy,Eckert,M,37,Hudson,WI,USA,--:--,,1:44:00,96,4:12:00,86,5:24:00,94,8:18:00,94,11:38:00,107,14:14:00,111,--:--,,19:12:00,108,23:43:00,123,25:46:00,120,29:01:00,126,--:--,,--:--,,--:--,
174,,12,Maria,Barton,F,57,Apple Valley,MN,USA,--:--,,1:55:00,173,4:57:00,179,6:32:00,184,9:55:00,181,13:26:00,174,16:39:00,175,--:--,,21:24:00,167,25:53:00,164,28:03:00,162,31:39:00,168,--:--,,--:--,,--:--,
175,,161,Christina,May,F,47,Knapp,WI,USA,--:--,,2:10:00,214,5:27:00,218,6:59:00,219,10:30:00,211,14:19:00,199,17:32:00,190,20:38:00,99,22:34:00,181,26:41:00,173,29:00:00,171,32:01:00,172,--:--,,--:--,,--:--,
176,,4,Sarah,Anderson,F,46,Superior,WI,USA,--:--,,2:05:00,196,5:11:00,197,6:44:00,198,10:13:00,192,13:53:00,187,17:09:00,184,20:33:00,94,22:34:00,179,27:06:00,182,29:20:00,178,32:29:00,173,--:--,,--:--,,--:--,
177,,79,Jim,Gaylord,M,49,Duluth,MN,USA,--:--,,2:05:00,198,5:11:00,198,6:44:00,200,10:13:00,194,13:53:00,190,17:09:00,182,20:33:00,96,22:34:00,180,27:06:00,183,29:20:00,177,32:29:00,174,--:--,,--:--,,--:--,
178,,249,John,Taylor,M,61,Minneapolis,MN,USA,--:--,,2:05:00,210,5:16:00,209,6:44:00,206,10:18:00,203,14:07:00,196,17:32:00,191,20:49:00,103,22:47:00,187,26:52:00,177,29:06:00,175,32:29:00,175,--:--,,--:--,,--:--,
179,,75,Jerry,Frost,M,68,St. Louis,MO,USA,--:--,,2:10:00,225,5:27:00,217,6:59:00,214,10:18:00,199,14:07:00,194,17:09:00,185,20:12:00,91,22:09:00,173,26:27:00,169,28:35:00,169,32:40:00,176,--:--,,--:--,,--:--,
180,,54,Val,Davies,F,41,Thunder Bay,ON,CAN,--:--,,2:10:00,224,5:48:00,227,7:21:00,226,11:06:00,219,14:36:00,208,17:32:00,196,20:33:00,97,22:34:00,176,26:41:00,174,29:00:00,173,34:27:00,177,--:--,,--:--,,--:--,
181,,165,Clark,Messman,M,27,Los Angeles,CA,USA,--:--,,1:19:00,9,3:11:00,3,3:54:00,2,6:02:00,3,8:06:00,2,9:28:00,2,11:00:00,2,11:50:00,2,14:06:00,2,16:19:00,3,--:--,,--:--,,--:--,,--:--,
182,,200,Lisa,Posorske,F,42,Dayton,MN,USA,--:--,,2:10:00,222,5:27:00,222,6:59:00,221,10:55:00,217,14:36:00,207,18:06:00,201,--:--,,--:--,,--:--,,18:07:00,10,--:--,,--:--,,--:--,,--:--,
183,,271,Liz,Whiteman,F,34,Boone,NC,USA,--:--,,2:05:00,211,5:16:00,212,6:59:00,215,10:42:00,215,14:36:00,206,18:06:00,200,21:58:00,109,24:09:00,196,--:--,,28:04:00,164,--:--,,--:--,,--:--,,--:--,
184,,57,Elizabeth,Deluca,F,60,Superior,WI,USA,--:--,,2:05:00,202,5:16:00,202,6:59:00,209,10:30:00,208,14:36:00,205,18:06:00,199,22:00:00,110,24:09:00,195,--:--,,29:17:00,176,--:--,,--:--,,--:--,,--:--,
185,,127,Lucas,Knutson,M,32,River Falls,WI,USA,--:--,,2:05:00,207,5:04:00,193,6:32:00,190,10:18:00,201,14:07:00,192,17:09:00,186,20:12:00,92,22:34:00,178,27:06:00,179,29:43:00,181,--:--,,--:--,,--:--,,--:--,
186,,39,Allison,Carolan,F,39,St Louis Park,MN,USA,--:--,,2:20:00,230,5:48:00,225,7:08:00,225,10:36:00,213,14:19:00,201,18:06:00,198,21:58:00,108,23:08:00,191,27:48:00,184,30:24:00,182,--:--,,--:--,,--:--,,--:--,
187,,5,Stefanie,Anderson,F,39,Lindstrom,MN,USA,--:--,,1:37:00,46,3:51:00,47,4:58:00,48,7:30:00,52,10:20:00,52,12:31:00,57,14:55:00,52,16:16:00,51,20:11:00,61,--:--,,--:--,,--:--,,--:--,,--:--,
188,,182,Eric,Nelson,M,46,Winona,MN,USA,--:--,,1:37:00,43,3:54:00,54,5:03:00,60,7:51:00,60,10:36:00,65,13:17:00,74,15:26:00,67,17:30:00,72,21:29:00,80,--:--,,--:--,,--:--,,--:--,,--:--,
189,,7,Matt,Baldwin,M,41,St Louis Park,MN,USA,--:--,,1:57:00,186,4:57:00,182,6:23:00,175,9:38:00,168,13:05:00,160,16:07:00,160,--:--,,21:04:00,161,26:28:00,170,--:--,,--:--,,--:--,,--:--,,--:--,
190,,9,Art,Bartels,M,62,Minneapolis,MN,USA,--:--,,1:57:00,187,4:55:00,173,6:23:00,181,9:55:00,177,13:53:00,188,17:32:00,192,20:49:00,102,22:47:00,185,27:06:00,178,--:--,,--:--,,--:--,,--:--,,--:--,
191,,43,Tami,Clemens,F,40,Big Lake,MN,USA,--:--,,2:10:00,223,5:27:00,214,6:59:00,217,10:30:00,212,14:19:00,200,17:32:00,189,21:58:00,107,24:09:00,194,28:01:00,185,--:--,,--:--,,--:--,,--:--,,--:--,
192,,15,Austin,Benoit,M,28,Grand Rapids,MI,USA,--:--,,1:19:00,2,3:04:00,1,4:01:00,3,6:10:00,5,9:19:00,23,11:31:00,26,--:--,,16:24:00,54,--:--,,--:--,,--:--,,--:--,,--:--,,--:--,
193,,68,Matthew,Eidenschink,M,29,La Crosse,WI,USA,--:--,,1:19:00,5,3:11:00,5,4:01:00,5,6:16:00,9,9:07:00,17,12:06:00,41,14:53:00,51,16:36:00,63,--:--,,--:--,,--:--,,--:--,,--:--,,--:--,
194,,222,Edward,Sandor,M,41,Minneapolis,MN,USA,--:--,,1:54:00,145,4:28:00,130,5:39:00,112,8:33:00,102,11:50:00,117,14:14:00,108,--:--,,20:10:00,137,--:--,,--:--,,--:--,,--:--,,--:--,,--:--,
195,,143,Kate,Leis,F,46,Delano,MN,USA,--:--,,1:55:00,160,4:45:00,157,6:08:00,155,9:14:00,150,12:58:00,153,16:07:00,155,--:--,,21:30:00,171,--:--,,--:--,,--:--,,--:--,,--:--,,--:--,
196,,10,William,Barthen,M,47,Madison,WI,USA,--:--,,1:40:00,63,4:06:00,79,5:14:00,77,8:14:00,91,11:05:00,87,13:56:00,89,--:--,,22:55:00,188,--:--,,--:--,,--:--,,--:--,,--:--,,--:--,
197,,50,Joshua,Coval,M,47,Bloomington,MN,USA,--:--,,1:44:00,99,4:31:00,136,6:04:00,145,9:14:00,151,12:50:00,150,15:18:00,136,--:--,,23:28:00,192,--:--,,--:--,,--:--,,--:--,,--:--,,--:--,
198,,38,Misty,Carlson,F,43,Two Harbors,MN,USA,--:--,,1:57:00,192,5:04:00,188,6:32:00,189,10:07:00,191,13:53:00,189,17:09:00,178,20:12:00,90,23:28:00,193,--:--,,--:--,,--:--,,--:--,,--:--,,--:--,
199,,21,Katie,Bliss,F,47,Bayport,MN,USA,--:--,,1:57:00,189,5:04:00,187,6:44:00,196,10:30:00,210,14:36:00,204,18:07:00,202,21:49:00,106,--:--,,--:--,,--:--,,--:--,,--:--,,--:--,,--:--,
200,,273,Brian,Wolfe,M,42,Bloomington,MN,USA,--:--,,1:37:00,45,3:51:00,52,5:03:00,55,7:51:00,59,10:36:00,66,13:18:00,80,--:--,,--:--,,--:--,,--:--,,--:--,,--:--,,--:--,,--:--,
201,,53,Raymond,Cummings,M,36,Brooklyn Park,MN,USA,--:--,,1:40:00,51,4:06:00,80,5:18:00,83,8:10:00,89,11:28:00,88,14:10:00,102,--:--,,--:--,,--:--,,--:--,,--:--,,--:--,,--:--,,--:--,
202,,151,Andrea,Louwagie,F,30,Minneapolis,MN,USA,--:--,,1:44:00,65,4:06:00,83,5:24:00,98,8:33:00,99,11:38:00,111,15:05:00,134,--:--,,--:--,,--:--,,--:--,,--:--,,--:--,,--:--,,--:--,
203,,138,Kevin,Langton,M,53,Saint Peter,MN,USA,--:--,,1:50:00,118,4:28:00,115,5:47:00,134,8:52:00,129,12:24:00,139,16:12:00,165,--:--,,--:--,,--:--,,--:--,,--:--,,--:--,,--:--,,--:--,
204,,51,Mike,Cox,M,63,Andover,MN,USA,--:--,,2:05:00,199,4:45:00,162,6:04:00,150,9:14:00,149,12:58:00,157,16:43:00,176,--:--,,--:--,,--:--,,--:--,,--:--,,--:--,,--:--,,--:--,
205,,72,Ryan,Flynn,M,43,Esko,MN,USA,--:--,,2:05:00,200,5:16:00,206,6:44:00,205,10:13:00,193,14:07:00,193,17:10:00,187,--:--,,--:--,,--:--,,--:--,,--:--,,--:--,,--:--,,--:--,
206,,119,Chris,Justice,M,54,Boulder,CO,USA,--:--,,1:57:00,190,4:55:00,169,6:23:00,170,9:38:00,163,13:17:00,165,18:15:00,204,--:--,,--:--,,--:--,,--:--,,--:--,,--:--,,--:--,,--:--,
207,,149,Cory,Logsdon,M,35,Omaha,NE,USA,--:--,,1:19:00,1,3:04:00,2,3:54:00,1,5:58:00,2,8:16:00,7,--:--,,--:--,,--:--,,--:--,,--:--,,--:--,,--:--,,--:--,,--:--,
208,,198,Lyndsi,Pollock,F,42,Puposky,MN,USA,--:--,,1:52:00,124,4:43:00,152,6:08:00,158,9:26:00,158,13:05:00,162,--:--,,--:--,,--:--,,--:--,,--:--,,--:--,,--:--,,--:--,,--:--,
209,,35,Malwina,Caban,F,47,Bloomington,MN,USA,--:--,,1:55:00,166,4:55:00,174,6:23:00,179,9:47:00,174,13:42:00,185,--:--,,--:--,,--:--,,--:--,,--:--,,--:--,,--:--,,--:--,,--:--,
210,,108,Brian,Huebner,M,49,Westby,WI,USA,--:--,,1:44:00,79,4:20:00,102,5:47:00,126,9:14:00,147,13:42:00,186,--:--,,--:--,,--:--,,--:--,,--:--,,--:--,,--:--,,--:--,,--:--,
211,,137,Ben,Langemeier,M,29,Milwaukee,WI,USA,--:--,,1:57:00,188,4:57:00,178,6:23:00,180,10:22:00,206,14:24:00,203,--:--,,--:--,,--:--,,--:--,,--:--,,--:--,,--:--,,--:--,,--:--,
212,,100,Bill,Helwig,M,66,Carlton,MN,USA,--:--,,2:05:00,204,5:16:00,203,6:59:00,210,10:30:00,209,14:36:00,210,--:--,,--:--,,--:--,,--:--,,--:--,,--:--,,--:--,,--:--,,--:--,
213,,115,Aron,Johnson,F,42,Montrose,CO,USA,--:--,,2:05:00,201,5:04:00,192,6:44:00,192,10:25:00,207,14:36:00,211,--:--,,--:--,,--:--,,--:--,,--:--,,--:--,,--:--,,--:--,,--:--,
214,,94,Jeremy,Hager,M,53,Saint Michael,MN,USA,--:--,,2:05:00,203,5:04:00,191,6:44:00,191,10:13:00,197,14:52:00,212,--:--,,--:--,,--:--,,--:--,,--:--,,--:--,,--:--,,--:--,,--:--,
215,,220,Kathleen,Rytman,F,55,Mount Pleasant,WI,USA,--:--,,1:57:00,184,4:57:00,183,6:32:00,187,10:18:00,204,14:52:00,213,--:--,,--:--,,--:--,,--:--,,--:--,,--:--,,--:--,,--:--,,--:--,
216,,272,Mike,Witt,M,60,Mellen,WI,USA,--:--,,1:57:00,185,4:57:00,184,6:32:00,185,10:18:00,205,14:52:00,214,--:--,,--:--,,--:--,,--:--,,--:--,,--:--,,--:--,,--:--,,--:--,
217,,167,Luke,Midlo,M,44,Duluth,MN,USA,--:--,,2:10:00,220,5:27:00,219,6:59:00,220,11:06:00,220,14:52:00,215,--:--,,--:--,,--:--,,--:--,,--:--,,--:--,,--:--,,--:--,,--:--,
218,,19,Brenda,Bland,F,63,Waunakee,WI,USA,--:--,,2:10:00,216,5:27:00,220,7:42:00,228,11:13:00,221,15:23:00,216,--:--,,--:--,,--:--,,--:--,,--:--,,--:--,,--:--,,--:--,,--:--,
219,,89,Lisa,Goulding,F,46,Winchester,MA,USA,--:--,,1:57:00,179,5:16:00,208,7:08:00,222,10:42:00,216,15:23:00,217,--:--,,--:--,,--:--,,--:--,,--:--,,--:--,,--:--,,--:--,,--:--,
220,,263,Nick,Vetter,M,39,Minneapolis,MN,USA,--:--,,1:33:00,37,3:45:00,44,4:53:00,47,9:33:00,162,--:--,,--:--,,--:--,,--:--,,--:--,,--:--,,--:--,,--:--,,--:--,,--:--,
221,,269,Stefanie,Wenninger,F,29,Lafayette,MN,USA,--:--,,1:50:00,108,4:20:00,108,5:39:00,115,9:59:00,183,--:--,,--:--,,--:--,,--:--,,--:--,,--:--,,--:--,,--:--,,--:--,,--:--,
222,,130,Cassie,Kottke,F,41,Weyauwega,WI,USA,--:--,,1:55:00,159,4:57:00,177,6:23:00,176,10:00:00,184,--:--,,--:--,,--:--,,--:--,,--:--,,--:--,,--:--,,--:--,,--:--,,--:--,
223,,112,Darren,Jagodzinski,M,41,Big Lake,MN,USA,--:--,,1:50:00,110,4:36:00,145,6:23:00,168,11:31:00,222,--:--,,--:--,,--:--,,--:--,,--:--,,--:--,,--:--,,--:--,,--:--,,--:--,
224,,183,Kurt,Neuburger,M,42,New Hope,MN,USA,--:--,,1:52:00,123,4:57:00,175,6:32:00,186,11:40:00,223,--:--,,--:--,,--:--,,--:--,,--:--,,--:--,,--:--,,--:--,,--:--,,--:--,
225,,253,Travis,Thiede,M,49,Apple Valley,MN,USA,--:--,,--:--,,5:11:00,201,6:44:00,203,12:47:00,224,--:--,,--:--,,--:--,,--:--,,--:--,,--:--,,--:--,,--:--,,--:--,,--:--,
226,,88,Chris,Goulding,M,46,Winchester,MA,USA,--:--,,1:57:00,178,5:16:00,211,7:08:00,223,35:45:00,225,--:--,,--:--,,--:--,,--:--,,--:--,,--:--,,--:--,,--:--,,--:--,,--:--,
227,,216,Fabio,Rozo,M,59,Lakeville,MN,USA,--:--,,1:54:00,140,4:57:00,176,6:44:00,208,35:45:00,226,--:--,,--:--,,--:--,,--:--,,--:--,,--:--,,--:--,,--:--,,--:--,,--:--,
228,,248,Mike,Sweetman,M,46,Marshall,MN,USA,--:--,,2:20:00,228,5:48:00,226,7:28:00,227,--:--,,--:--,,--:--,,--:--,,--:--,,--:--,,--:--,,--:--,,--:--,,--:--,,--:--,
229,,242,Derek,Steward,M,39,Rosemount,MN,USA,--:--,,1:55:00,158,5:27:00,213,8:10:00,229,--:--,,--:--,,--:--,,--:--,,--:--,,--:--,,--:--,,--:--,,--:--,,--:--,,--:--,
230,,208,Chris,Reed,M,40,Queens,NY,USA,--:--,,2:31:00,232,6:26:00,228,8:31:00,230,--:--,,--:--,,--:--,,--:--,,--:--,,--:--,,--:--,,--:--,,--:--,,--:--,,--:--,
231,,40,Blye,Chehock,M,52,Duluth,MN,USA,--:--,,1:52:00,122,4:28:00,117,9:28:00,231,--:--,,--:--,,--:--,,--:--,,--:--,,--:--,,--:--,,--:--,,--:--,,--:--,,--:--,
232,,261,Krystee,Van Den Bosch,F,39,Dade City,FL,USA,--:--,,2:20:00,229,6:28:00,229,--:--,,--:--,,--:--,,--:--,,--:--,,--:--,,--:--,,--:--,,--:--,,--:--,,--:--,,--:--,
233,,109,Jason,Husveth,M,51,Marine On St. Croix,MN,USA,--:--,,2:24:00,231,6:28:00,230,--:--,,--:--,,--:--,,--:--,,--:--,,--:--,,--:--,,--:--,,--:--,,--:--,,--:--,,--:--,
234,,105,William,Hogan,M,56,Rochester,MN,USA,--:--,,1:54:00,155,--:--,,--:--,,--:--,,--:--,,--:--,,--:--,,--:--,,--:--,,--:--,,--:--,,--:--,,--:--,,--:--,